{"cameraMode":{"drawMode":0,"name":"Shaded","section":"Shading Mode"},"sceneLighting":true,"audioPlay":false,"sceneViewState":{"showFog":false,"showMaterialUpdate":false,"showSkybox":false,"showFlares":false,"showImageEffects":false,"showParticleSystems":false},"in2DMode":false,"pivot":{"x":-168.3976287841797,"y":35.850650787353519,"z":-8.15178108215332},"rotation":{"x":-0.4659397006034851,"y":0.25482749938964846,"z":-0.14214269816875459,"w":-0.8353219628334045},"size":8.917118072509766,"orthographic":false}