{"cameraMode":{"drawMode":0,"name":"Shaded","section":"Shading Mode"},"sceneLighting":false,"audioPlay":false,"sceneViewState":{"showFog":false,"showMaterialUpdate":false,"showSkybox":false,"showFlares":false,"showImageEffects":false,"showParticleSystems":false},"in2DMode":false,"pivot":{"x":-1.809999942779541,"y":-2.809999942779541,"z":0.30000001192092898},"rotation":{"x":-0.17003314197063447,"y":0.0717100203037262,"z":-0.01240412425249815,"w":-0.9828060269355774},"size":3.997775077819824,"orthographic":false}