{"cameraMode":{"drawMode":0,"name":"Shaded","section":"Shading Mode"},"sceneLighting":false,"audioPlay":false,"sceneViewState":{"showFog":false,"showMaterialUpdate":false,"showSkybox":false,"showFlares":false,"showImageEffects":false,"showParticleSystems":false},"in2DMode":false,"pivot":{"x":-3.8938915729522707,"y":13.300224304199219,"z":-8.842859268188477},"rotation":{"x":-0.17003314197063447,"y":0.0717100203037262,"z":-0.01240412425249815,"w":-0.9828060269355774},"size":23.566110610961915,"orthographic":false}