{"cameraMode":{"drawMode":0,"name":"Shaded","section":"Shading Mode"},"sceneLighting":false,"audioPlay":false,"sceneViewState":{"showFog":false,"showMaterialUpdate":false,"showSkybox":false,"showFlares":false,"showImageEffects":false,"showParticleSystems":false},"in2DMode":false,"pivot":{"x":0.2799999713897705,"y":0.934999942779541,"z":0.0},"rotation":{"x":-0.03179818019270897,"y":0.020085569471120836,"z":-0.0006394007941707969,"w":-0.999295175075531},"size":5.636748313903809,"orthographic":false}