{"cameraMode":{"drawMode":0,"name":"Shaded","section":"Shading Mode"},"sceneLighting":false,"audioPlay":false,"sceneViewState":{"showFog":false,"showMaterialUpdate":false,"showSkybox":false,"showFlares":false,"showImageEffects":false,"showParticleSystems":false},"in2DMode":false,"pivot":{"x":-5.813209533691406,"y":14.356587409973145,"z":-13.661002159118653},"rotation":{"x":-0.17003314197063447,"y":0.0717100203037262,"z":-0.01240412425249815,"w":-0.9828060269355774},"size":32.64519119262695,"orthographic":false}